true_class,pred_class,stim_name,true_azim,true_elev,pred_azim,pred_elev,elev_diff,condition,midi_note
216,397,stim_97_flute.wav,0,30,-175,50,20,flute,97
432,72,stim_97_flute.wav,0,60,0,10,-50,flute,97
0,72,stim_97_flute.wav,0,0,0,10,10,flute,97
0,72,stim_97_flute.wav,0,0,0,10,10,flute,97
360,397,stim_83_flute.wav,0,50,-175,50,0,flute,83
360,108,stim_107_flute.wav,0,50,-180,10,-40,flute,107
216,216,stim_107_flute.wav,0,30,0,30,0,flute,107
0,108,stim_107_flute.wav,0,0,-180,10,10,flute,107
432,96,stim_66_flute.wav,0,60,120,10,-50,flute,66
72,216,stim_66_flute.wav,0,10,0,30,20,flute,66
360,397,stim_66_flute.wav,0,50,-175,50,0,flute,66
360,72,stim_72_flute.wav,0,50,0,10,-40,flute,72
432,216,stim_72_flute.wav,0,60,0,30,-30,flute,72
432,216,stim_72_flute.wav,0,60,0,30,-30,flute,72
144,216,stim_72_flute.wav,0,20,0,30,10,flute,72
432,72,stim_72_flute.wav,0,60,0,10,-50,flute,72
288,216,stim_72_flute.wav,0,40,0,30,-10,flute,72
432,72,stim_72_flute.wav,0,60,0,10,-50,flute,72
360,72,stim_101_flute.wav,0,50,0,10,-40,flute,101
72,72,stim_101_flute.wav,0,10,0,10,0,flute,101
0,432,stim_101_flute.wav,0,0,0,60,60,flute,101
0,72,stim_79_flute.wav,0,0,0,10,10,flute,79
72,72,stim_79_flute.wav,0,10,0,10,0,flute,79
0,72,stim_79_flute.wav,0,0,0,10,10,flute,79
360,216,stim_79_flute.wav,0,50,0,30,-20,flute,79
432,180,stim_91_flute.wav,0,60,-180,20,-40,flute,91
432,180,stim_91_flute.wav,0,60,-180,20,-40,flute,91
432,72,stim_91_flute.wav,0,60,0,10,-50,flute,91
0,60,stim_58_flute.wav,0,0,-60,0,0,flute,58
216,483,stim_58_flute.wav,0,30,-105,60,30,flute,58
72,72,stim_85_flute.wav,0,10,0,10,0,flute,85
432,72,stim_85_flute.wav,0,60,0,10,-50,flute,85
0,72,stim_85_flute.wav,0,0,0,10,10,flute,85
144,72,stim_85_flute.wav,0,20,0,10,-10,flute,85
0,72,stim_85_flute.wav,0,0,0,10,10,flute,85
432,283,stim_60_flute.wav,0,60,-25,30,-30,flute,60
432,269,stim_60_flute.wav,0,60,-95,30,-30,flute,60
0,284,stim_60_flute.wav,0,0,-20,30,30,flute,60
360,72,stim_60_flute.wav,0,50,0,10,-40,flute,60
432,72,stim_74_flute.wav,0,60,0,10,-50,flute,74
288,72,stim_74_flute.wav,0,40,0,10,-30,flute,74
144,72,stim_74_flute.wav,0,20,0,10,-10,flute,74
144,72,stim_74_flute.wav,0,20,0,10,-10,flute,74
288,216,stim_74_flute.wav,0,40,0,30,-10,flute,74
216,72,stim_55_flute.wav,0,30,0,10,-20,flute,55
360,0,stim_55_flute.wav,0,50,0,0,-50,flute,55
0,347,stim_88_flute.wav,0,0,-65,40,40,flute,88
0,216,stim_88_flute.wav,0,0,0,30,30,flute,88
432,347,stim_88_flute.wav,0,60,-65,40,-20,flute,88
144,72,stim_82_flute.wav,0,20,0,10,-10,flute,82
72,72,stim_82_flute.wav,0,10,0,10,0,flute,82
432,216,stim_82_flute.wav,0,60,0,30,-30,flute,82
0,216,stim_82_flute.wav,0,0,0,30,30,flute,82
216,143,stim_82_flute.wav,0,30,-5,10,-20,flute,82
72,72,stim_96_flute.wav,0,10,0,10,0,flute,96
144,72,stim_96_flute.wav,0,20,0,10,-10,flute,96
216,72,stim_96_flute.wav,0,30,0,10,-20,flute,96
0,72,stim_96_flute.wav,0,0,0,10,10,flute,96
288,72,stim_96_flute.wav,0,40,0,10,-30,flute,96
216,72,stim_96_flute.wav,0,30,0,10,-20,flute,96
0,120,stim_106_flute.wav,0,0,-120,10,10,flute,106
360,120,stim_106_flute.wav,0,50,-120,10,-40,flute,106
432,53,stim_73_flute.wav,0,60,-95,0,-60,flute,73
432,284,stim_73_flute.wav,0,60,-20,30,-30,flute,73
360,72,stim_73_flute.wav,0,50,0,10,-40,flute,73
216,281,stim_73_flute.wav,0,30,-35,30,0,flute,73
288,216,stim_73_flute.wav,0,40,0,30,-10,flute,73
360,72,stim_73_flute.wav,0,50,0,10,-40,flute,73
144,216,stim_67_flute.wav,0,20,0,30,10,flute,67
288,216,stim_67_flute.wav,0,40,0,30,-10,flute,67
360,43,stim_100_flute.wav,0,50,-145,0,-50,flute,100
216,432,stim_100_flute.wav,0,30,0,60,30,flute,100
216,287,stim_78_flute.wav,0,30,-5,30,0,flute,78
360,72,stim_78_flute.wav,0,50,0,10,-40,flute,78
72,203,stim_78_flute.wav,0,10,-65,20,10,flute,78
360,397,stim_78_flute.wav,0,50,-175,50,0,flute,78
432,193,stim_78_flute.wav,0,60,-115,20,-40,flute,78
72,72,stim_84_flute.wav,0,10,0,10,0,flute,84
0,216,stim_84_flute.wav,0,0,0,30,30,flute,84
216,216,stim_90_flute.wav,0,30,0,30,0,flute,90
216,216,stim_90_flute.wav,0,30,0,30,0,flute,90
144,72,stim_59_flute.wav,0,20,0,10,-10,flute,59
144,216,stim_59_flute.wav,0,20,0,30,10,flute,59
0,144,stim_59_flute.wav,0,0,0,20,20,flute,59
432,107,stim_59_flute.wav,0,60,175,10,-50,flute,59
72,72,stim_75_flute.wav,0,10,0,10,0,flute,75
0,36,stim_75_flute.wav,0,0,-180,0,0,flute,75
216,216,stim_75_flute.wav,0,30,0,30,0,flute,75
0,72,stim_75_flute.wav,0,0,0,10,10,flute,75
72,216,stim_75_flute.wav,0,10,0,30,20,flute,75
360,36,stim_61_flute.wav,0,50,-180,0,-50,flute,61
216,216,stim_61_flute.wav,0,30,0,30,0,flute,61
432,72,stim_89_flute.wav,0,60,0,10,-50,flute,89
360,0,stim_89_flute.wav,0,50,0,0,-50,flute,89
432,397,stim_89_flute.wav,0,60,-175,50,-10,flute,89
360,72,stim_89_flute.wav,0,50,0,10,-40,flute,89
360,72,stim_89_flute.wav,0,50,0,10,-40,flute,89
72,72,stim_89_flute.wav,0,10,0,10,0,flute,89
288,72,stim_89_flute.wav,0,40,0,10,-30,flute,89
360,72,stim_89_flute.wav,0,50,0,10,-40,flute,89
144,72,stim_89_flute.wav,0,20,0,10,-10,flute,89
360,432,stim_89_flute.wav,0,50,0,60,10,flute,89
0,215,stim_69_flute.wav,0,0,-5,20,20,flute,69
0,72,stim_69_flute.wav,0,0,0,10,10,flute,69
144,216,stim_69_flute.wav,0,20,0,30,10,flute,69
360,49,stim_105_flute.wav,0,50,-115,0,-50,flute,105
216,108,stim_105_flute.wav,0,30,-180,10,-20,flute,105
360,120,stim_105_flute.wav,0,50,-120,10,-40,flute,105
360,72,stim_95_flute.wav,0,50,0,10,-40,flute,95
0,72,stim_95_flute.wav,0,0,0,10,10,flute,95
72,180,stim_95_flute.wav,0,10,-180,20,10,flute,95
288,108,stim_95_flute.wav,0,40,-180,10,-30,flute,95
288,180,stim_95_flute.wav,0,40,-180,20,-20,flute,95
72,397,stim_95_flute.wav,0,10,-175,50,40,flute,95
432,36,stim_81_flute.wav,0,60,-180,0,-60,flute,81
72,287,stim_81_flute.wav,0,10,-5,30,20,flute,81
288,397,stim_81_flute.wav,0,40,-175,50,10,flute,81
288,49,stim_81_flute.wav,0,40,-115,0,-40,flute,81
144,216,stim_64_flute.wav,0,20,0,30,10,flute,64
432,72,stim_64_flute.wav,0,60,0,10,-50,flute,64
144,72,stim_64_flute.wav,0,20,0,10,-10,flute,64
432,216,stim_64_flute.wav,0,60,0,30,-30,flute,64
360,72,stim_64_flute.wav,0,50,0,10,-40,flute,64
72,72,stim_64_flute.wav,0,10,0,10,0,flute,64
216,72,stim_64_flute.wav,0,30,0,10,-20,flute,64
0,72,stim_70_flute.wav,0,0,0,10,10,flute,70
0,216,stim_70_flute.wav,0,0,0,30,30,flute,70
0,216,stim_70_flute.wav,0,0,0,30,30,flute,70
288,397,stim_70_flute.wav,0,40,-175,50,10,flute,70
0,0,stim_108_flute.wav,0,0,0,0,0,flute,108
432,72,stim_108_flute.wav,0,60,0,10,-50,flute,108
288,72,stim_98_flute.wav,0,40,0,10,-30,flute,98
288,72,stim_98_flute.wav,0,40,0,10,-30,flute,98
432,205,stim_98_flute.wav,0,60,-55,20,-40,flute,98
216,72,stim_98_flute.wav,0,30,0,10,-20,flute,98
216,72,stim_98_flute.wav,0,30,0,10,-20,flute,98
72,72,stim_98_flute.wav,0,10,0,10,0,flute,98
216,72,stim_98_flute.wav,0,30,0,10,-20,flute,98
360,72,stim_93_flute.wav,0,50,0,10,-40,flute,93
0,72,stim_87_flute.wav,0,0,0,10,10,flute,87
0,72,stim_87_flute.wav,0,0,0,10,10,flute,87
216,216,stim_103_flute.wav,0,30,0,30,0,flute,103
0,120,stim_103_flute.wav,0,0,-120,10,10,flute,103
72,216,stim_103_flute.wav,0,10,0,30,20,flute,103
360,216,stim_57_flute.wav,0,50,0,30,-20,flute,57
360,461,stim_57_flute.wav,0,50,145,60,10,flute,57
360,216,stim_62_flute.wav,0,50,0,30,-20,flute,62
432,186,stim_62_flute.wav,0,60,-150,20,-40,flute,62
288,72,stim_62_flute.wav,0,40,0,10,-30,flute,62
144,72,stim_76_flute.wav,0,20,0,10,-10,flute,76
360,108,stim_76_flute.wav,0,50,-180,10,-40,flute,76
216,396,stim_76_flute.wav,0,30,-180,50,20,flute,76
216,72,stim_76_flute.wav,0,30,0,10,-20,flute,76
0,180,stim_104_flute.wav,0,0,-180,20,20,flute,104
72,120,stim_104_flute.wav,0,10,-120,10,0,flute,104
288,180,stim_104_flute.wav,0,40,-180,20,-20,flute,104
288,0,stim_68_flute.wav,0,40,0,0,-40,flute,68
0,36,stim_68_flute.wav,0,0,-180,0,0,flute,68
0,72,stim_68_flute.wav,0,0,0,10,10,flute,68
72,36,stim_80_flute.wav,0,10,-180,0,-10,flute,80
72,397,stim_80_flute.wav,0,10,-175,50,40,flute,80
216,397,stim_80_flute.wav,0,30,-175,50,20,flute,80
0,396,stim_80_flute.wav,0,0,-180,50,50,flute,80
0,397,stim_80_flute.wav,0,0,-175,50,50,flute,80
0,397,stim_80_flute.wav,0,0,-175,50,50,flute,80
432,397,stim_80_flute.wav,0,60,-175,50,-10,flute,80
72,72,stim_94_flute.wav,0,10,0,10,0,flute,94
72,72,stim_94_flute.wav,0,10,0,10,0,flute,94
0,180,stim_94_flute.wav,0,0,-180,20,20,flute,94
288,216,stim_71_flute.wav,0,40,0,30,-10,flute,71
216,216,stim_71_flute.wav,0,30,0,30,0,flute,71
72,216,stim_65_flute.wav,0,10,0,30,20,flute,65
72,216,stim_65_flute.wav,0,10,0,30,20,flute,65
432,495,stim_65_flute.wav,0,60,-45,60,0,flute,65
216,216,stim_65_flute.wav,0,30,0,30,0,flute,65
216,144,stim_65_flute.wav,0,30,0,20,-10,flute,65
216,72,stim_99_flute.wav,0,30,0,10,-20,flute,99
0,72,stim_99_flute.wav,0,0,0,10,10,flute,99
0,72,stim_99_flute.wav,0,0,0,10,10,flute,99
0,72,stim_99_flute.wav,0,0,0,10,10,flute,99
0,72,stim_99_flute.wav,0,0,0,10,10,flute,99
216,72,stim_99_flute.wav,0,30,0,10,-20,flute,99
216,72,stim_99_flute.wav,0,30,0,10,-20,flute,99
432,72,stim_86_flute.wav,0,60,0,10,-50,flute,86
432,72,stim_86_flute.wav,0,60,0,10,-50,flute,86
144,48,stim_86_flute.wav,0,20,-120,0,-20,flute,86
288,216,stim_86_flute.wav,0,40,0,30,-10,flute,86
432,72,stim_92_flute.wav,0,60,0,10,-50,flute,92
288,324,stim_92_flute.wav,0,40,-180,40,0,flute,92
144,216,stim_102_flute.wav,0,20,0,30,10,flute,102
432,395,stim_102_flute.wav,0,60,175,50,-10,flute,102
216,216,stim_102_flute.wav,0,30,0,30,0,flute,102
432,6,stim_56_flute.wav,0,60,30,0,-60,flute,56
288,72,stim_56_flute.wav,0,40,0,10,-30,flute,56
288,144,stim_56_flute.wav,0,40,0,20,-20,flute,56
144,216,stim_77_flute.wav,0,20,0,30,10,flute,77
72,216,stim_77_flute.wav,0,10,0,30,20,flute,77
0,72,stim_77_flute.wav,0,0,0,10,10,flute,77
288,216,stim_77_flute.wav,0,40,0,30,-10,flute,77
72,72,stim_77_flute.wav,0,10,0,10,0,flute,77
144,216,stim_77_flute.wav,0,20,0,30,10,flute,77
432,114,stim_63_flute.wav,0,60,-150,10,-50,flute,63
72,43,stim_71_harmonic.wav,0,10,-145,0,-10,harmonic,71
0,216,stim_71_harmonic.wav,0,0,0,30,30,harmonic,71
432,45,stim_71_harmonic.wav,0,60,-135,0,-60,harmonic,71
0,272,stim_71_harmonic.wav,0,0,-80,30,30,harmonic,71
0,72,stim_76_harmonic.wav,0,0,0,10,10,harmonic,76
432,130,stim_76_harmonic.wav,0,60,-70,10,-50,harmonic,76
144,397,stim_76_harmonic.wav,0,20,-175,50,30,harmonic,76
360,216,stim_76_harmonic.wav,0,50,0,30,-20,harmonic,76
0,216,stim_76_harmonic.wav,0,0,0,30,30,harmonic,76
0,397,stim_76_harmonic.wav,0,0,-175,50,50,harmonic,76
288,51,stim_89_harmonic.wav,0,40,-105,0,-40,harmonic,89
216,361,stim_89_harmonic.wav,0,30,5,50,20,harmonic,89
0,123,stim_89_harmonic.wav,0,0,-105,10,10,harmonic,89
432,439,stim_89_harmonic.wav,0,60,35,60,0,harmonic,89
0,347,stim_89_harmonic.wav,0,0,-65,40,40,harmonic,89
144,503,stim_64_harmonic.wav,0,20,-5,60,40,harmonic,64
432,72,stim_64_harmonic.wav,0,60,0,10,-50,harmonic,64
288,51,stim_101_harmonic.wav,0,40,-105,0,-40,harmonic,101
0,59,stim_101_harmonic.wav,0,0,-65,0,0,harmonic,101
288,59,stim_101_harmonic.wav,0,40,-65,0,-40,harmonic,101
216,122,stim_101_harmonic.wav,0,30,-110,10,-20,harmonic,101
288,395,stim_101_harmonic.wav,0,40,175,50,10,harmonic,101
144,49,stim_106_harmonic.wav,0,20,-115,0,-20,harmonic,106
72,59,stim_106_harmonic.wav,0,10,-65,0,-10,harmonic,106
0,49,stim_106_harmonic.wav,0,0,-115,0,0,harmonic,106
432,121,stim_106_harmonic.wav,0,60,-115,10,-50,harmonic,106
72,49,stim_106_harmonic.wav,0,10,-115,0,-10,harmonic,106
0,57,stim_55_harmonic.wav,0,0,-75,0,0,harmonic,55
432,214,stim_55_harmonic.wav,0,60,-10,20,-40,harmonic,55
432,216,stim_65_harmonic.wav,0,60,0,30,-30,harmonic,65
216,72,stim_62_harmonic.wav,0,30,0,10,-20,harmonic,62
288,72,stim_62_harmonic.wav,0,40,0,10,-30,harmonic,62
288,41,stim_62_harmonic.wav,0,40,-155,0,-40,harmonic,62
288,130,stim_62_harmonic.wav,0,40,-70,10,-30,harmonic,62
0,132,stim_62_harmonic.wav,0,0,-60,10,10,harmonic,62
360,144,stim_88_harmonic.wav,0,50,0,20,-30,harmonic,88
360,216,stim_88_harmonic.wav,0,50,0,30,-20,harmonic,88
144,216,stim_88_harmonic.wav,0,20,0,30,10,harmonic,88
72,395,stim_77_harmonic.wav,0,10,175,50,40,harmonic,77
288,72,stim_77_harmonic.wav,0,40,0,10,-30,harmonic,77
288,475,stim_77_harmonic.wav,0,40,-145,60,20,harmonic,77
72,284,stim_77_harmonic.wav,0,10,-20,30,20,harmonic,77
216,419,stim_70_harmonic.wav,0,30,-65,50,20,harmonic,70
0,397,stim_70_harmonic.wav,0,0,-175,50,50,harmonic,70
0,216,stim_70_harmonic.wav,0,0,0,30,30,harmonic,70
288,395,stim_70_harmonic.wav,0,40,175,50,10,harmonic,70
0,180,stim_70_harmonic.wav,0,0,-180,20,20,harmonic,70
144,469,stim_70_harmonic.wav,0,20,-175,60,40,harmonic,70
0,185,stim_107_harmonic.wav,0,0,-155,20,20,harmonic,107
0,49,stim_107_harmonic.wav,0,0,-115,0,0,harmonic,107
360,49,stim_107_harmonic.wav,0,50,-115,0,-50,harmonic,107
216,49,stim_107_harmonic.wav,0,30,-115,0,-30,harmonic,107
432,18,stim_100_harmonic.wav,0,60,90,0,-60,harmonic,100
72,53,stim_100_harmonic.wav,0,10,-95,0,-10,harmonic,100
72,277,stim_100_harmonic.wav,0,10,-55,30,20,harmonic,100
144,210,stim_59_harmonic.wav,0,20,-30,20,0,harmonic,59
216,256,stim_59_harmonic.wav,0,30,-160,30,0,harmonic,59
288,121,stim_59_harmonic.wav,0,40,-115,10,-30,harmonic,59
360,34,stim_59_harmonic.wav,0,50,170,0,-50,harmonic,59
432,216,stim_85_harmonic.wav,0,60,0,30,-30,harmonic,85
288,268,stim_85_harmonic.wav,0,40,-100,30,-10,harmonic,85
0,432,stim_85_harmonic.wav,0,0,0,60,60,harmonic,85
288,120,stim_85_harmonic.wav,0,40,-120,10,-30,harmonic,85
432,432,stim_85_harmonic.wav,0,60,0,60,0,harmonic,85
72,268,stim_85_harmonic.wav,0,10,-100,30,20,harmonic,85
360,216,stim_85_harmonic.wav,0,50,0,30,-20,harmonic,85
288,217,stim_82_harmonic.wav,0,40,5,30,-10,harmonic,82
432,251,stim_82_harmonic.wav,0,60,175,30,-30,harmonic,82
288,114,stim_82_harmonic.wav,0,40,-150,10,-30,harmonic,82
288,185,stim_82_harmonic.wav,0,40,-155,20,-20,harmonic,82
432,59,stim_82_harmonic.wav,0,60,-65,0,-60,harmonic,82
216,324,stim_68_harmonic.wav,0,30,-180,40,10,harmonic,68
360,414,stim_68_harmonic.wav,0,50,-90,50,0,harmonic,68
0,430,stim_68_harmonic.wav,0,0,-10,50,50,harmonic,68
144,72,stim_68_harmonic.wav,0,20,0,10,-10,harmonic,68
288,48,stim_97_harmonic.wav,0,40,-120,0,-40,harmonic,97
144,501,stim_97_harmonic.wav,0,20,-15,60,40,harmonic,97
0,124,stim_90_harmonic.wav,0,0,-100,10,10,harmonic,90
72,123,stim_90_harmonic.wav,0,10,-105,10,0,harmonic,90
0,107,stim_58_harmonic.wav,0,0,175,10,10,harmonic,58
360,483,stim_58_harmonic.wav,0,50,-105,60,10,harmonic,58
144,219,stim_58_harmonic.wav,0,20,15,30,10,harmonic,58
144,68,stim_58_harmonic.wav,0,20,-20,0,-20,harmonic,58
0,465,stim_58_harmonic.wav,0,0,165,60,60,harmonic,58
0,57,stim_58_harmonic.wav,0,0,-75,0,0,harmonic,58
72,129,stim_91_harmonic.wav,0,10,-75,10,0,harmonic,91
216,58,stim_91_harmonic.wav,0,30,-70,0,-30,harmonic,91
432,130,stim_91_harmonic.wav,0,60,-70,10,-50,harmonic,91
0,132,stim_96_harmonic.wav,0,0,-60,10,10,harmonic,96
360,48,stim_96_harmonic.wav,0,50,-120,0,-50,harmonic,96
288,121,stim_96_harmonic.wav,0,40,-115,10,-30,harmonic,96
432,132,stim_96_harmonic.wav,0,60,-60,10,-50,harmonic,96
144,59,stim_96_harmonic.wav,0,20,-65,0,-20,harmonic,96
432,61,stim_96_harmonic.wav,0,60,-55,0,-60,harmonic,96
0,58,stim_96_harmonic.wav,0,0,-70,0,0,harmonic,96
216,59,stim_96_harmonic.wav,0,30,-65,0,-30,harmonic,96
0,72,stim_69_harmonic.wav,0,0,0,10,10,harmonic,69
432,72,stim_69_harmonic.wav,0,60,0,10,-50,harmonic,69
216,72,stim_69_harmonic.wav,0,30,0,10,-20,harmonic,69
0,144,stim_83_harmonic.wav,0,0,0,20,20,harmonic,83
0,223,stim_83_harmonic.wav,0,0,35,30,30,harmonic,83
216,217,stim_83_harmonic.wav,0,30,5,30,0,harmonic,83
360,129,stim_84_harmonic.wav,0,50,-75,10,-40,harmonic,84
360,261,stim_84_harmonic.wav,0,50,-135,30,-20,harmonic,84
360,467,stim_84_harmonic.wav,0,50,175,60,10,harmonic,84
72,129,stim_84_harmonic.wav,0,10,-75,10,0,harmonic,84
288,482,stim_84_harmonic.wav,0,40,-110,60,20,harmonic,84
432,499,stim_84_harmonic.wav,0,60,-25,60,0,harmonic,84
216,49,stim_94_harmonic.wav,0,30,-115,0,-30,harmonic,94
72,59,stim_94_harmonic.wav,0,10,-65,0,-10,harmonic,94
0,120,stim_94_harmonic.wav,0,0,-120,10,10,harmonic,94
144,72,stim_93_harmonic.wav,0,20,0,10,-10,harmonic,93
432,120,stim_93_harmonic.wav,0,60,-120,10,-50,harmonic,93
72,72,stim_93_harmonic.wav,0,10,0,10,0,harmonic,93
432,49,stim_86_harmonic.wav,0,60,-115,0,-60,harmonic,86
432,59,stim_86_harmonic.wav,0,60,-65,0,-60,harmonic,86
0,59,stim_86_harmonic.wav,0,0,-65,0,0,harmonic,86
0,216,stim_86_harmonic.wav,0,0,0,30,30,harmonic,86
144,50,stim_86_harmonic.wav,0,20,-110,0,-20,harmonic,86
144,216,stim_79_harmonic.wav,0,20,0,30,10,harmonic,79
432,120,stim_79_harmonic.wav,0,60,-120,10,-50,harmonic,79
72,216,stim_79_harmonic.wav,0,10,0,30,20,harmonic,79
360,216,stim_79_harmonic.wav,0,50,0,30,-20,harmonic,79
0,72,stim_81_harmonic.wav,0,0,0,10,10,harmonic,81
432,469,stim_81_harmonic.wav,0,60,-175,60,0,harmonic,81
216,72,stim_81_harmonic.wav,0,30,0,10,-20,harmonic,81
432,49,stim_108_harmonic.wav,0,60,-115,0,-60,harmonic,108
360,59,stim_108_harmonic.wav,0,50,-65,0,-50,harmonic,108
0,324,stim_80_harmonic.wav,0,0,-180,40,40,harmonic,80
72,397,stim_80_harmonic.wav,0,10,-175,50,40,harmonic,80
360,397,stim_80_harmonic.wav,0,50,-175,50,0,harmonic,80
72,59,stim_80_harmonic.wav,0,10,-65,0,-10,harmonic,80
432,72,stim_78_harmonic.wav,0,60,0,10,-50,harmonic,78
72,397,stim_78_harmonic.wav,0,10,-175,50,40,harmonic,78
72,72,stim_78_harmonic.wav,0,10,0,10,0,harmonic,78
0,193,stim_87_harmonic.wav,0,0,-115,20,20,harmonic,87
216,114,stim_87_harmonic.wav,0,30,-150,10,-20,harmonic,87
72,59,stim_87_harmonic.wav,0,10,-65,0,-10,harmonic,87
144,72,stim_92_harmonic.wav,0,20,0,10,-10,harmonic,92
432,72,stim_92_harmonic.wav,0,60,0,10,-50,harmonic,92
144,120,stim_92_harmonic.wav,0,20,-120,10,-10,harmonic,92
432,59,stim_92_harmonic.wav,0,60,-65,0,-60,harmonic,92
432,120,stim_95_harmonic.wav,0,60,-120,10,-50,harmonic,95
360,42,stim_60_harmonic.wav,0,50,-150,0,-50,harmonic,60
288,201,stim_60_harmonic.wav,0,40,-75,20,-20,harmonic,60
0,503,stim_60_harmonic.wav,0,0,-5,60,60,harmonic,60
216,72,stim_60_harmonic.wav,0,30,0,10,-20,harmonic,60
432,432,stim_60_harmonic.wav,0,60,0,60,0,harmonic,60
432,271,stim_60_harmonic.wav,0,60,-85,30,-30,harmonic,60
72,192,stim_98_harmonic.wav,0,10,-120,20,10,harmonic,98
144,191,stim_98_harmonic.wav,0,20,-125,20,0,harmonic,98
360,49,stim_98_harmonic.wav,0,50,-115,0,-50,harmonic,98
432,124,stim_98_harmonic.wav,0,60,-100,10,-50,harmonic,98
216,119,stim_98_harmonic.wav,0,30,-125,10,-20,harmonic,98
216,324,stim_67_harmonic.wav,0,30,-180,40,10,harmonic,67
360,36,stim_67_harmonic.wav,0,50,-180,0,-50,harmonic,67
0,503,stim_67_harmonic.wav,0,0,-5,60,60,harmonic,67
144,107,stim_67_harmonic.wav,0,20,175,10,-10,harmonic,67
432,60,stim_67_harmonic.wav,0,60,-60,0,-60,harmonic,67
432,419,stim_72_harmonic.wav,0,60,-65,50,-10,harmonic,72
432,288,stim_72_harmonic.wav,0,60,0,40,-20,harmonic,72
0,72,stim_72_harmonic.wav,0,0,0,10,10,harmonic,72
432,397,stim_72_harmonic.wav,0,60,-175,50,-10,harmonic,72
432,289,stim_75_harmonic.wav,0,60,5,40,-20,harmonic,75
72,132,stim_75_harmonic.wav,0,10,-60,10,0,harmonic,75
144,216,stim_75_harmonic.wav,0,20,0,30,10,harmonic,75
144,287,stim_75_harmonic.wav,0,20,-5,30,10,harmonic,75
72,121,stim_102_harmonic.wav,0,10,-115,10,0,harmonic,102
0,49,stim_102_harmonic.wav,0,0,-115,0,0,harmonic,102
288,121,stim_102_harmonic.wav,0,40,-115,10,-30,harmonic,102
288,121,stim_102_harmonic.wav,0,40,-115,10,-30,harmonic,102
72,216,stim_102_harmonic.wav,0,10,0,30,20,harmonic,102
288,41,stim_56_harmonic.wav,0,40,-155,0,-40,harmonic,56
144,144,stim_56_harmonic.wav,0,20,0,20,0,harmonic,56
288,216,stim_105_harmonic.wav,0,40,0,30,-10,harmonic,105
0,59,stim_105_harmonic.wav,0,0,-65,0,0,harmonic,105
216,0,stim_74_harmonic.wav,0,30,0,0,-30,harmonic,74
216,468,stim_74_harmonic.wav,0,30,-180,60,30,harmonic,74
0,216,stim_74_harmonic.wav,0,0,0,30,30,harmonic,74
0,216,stim_74_harmonic.wav,0,0,0,30,30,harmonic,74
144,468,stim_74_harmonic.wav,0,20,-180,60,40,harmonic,74
72,252,stim_73_harmonic.wav,0,10,-180,30,20,harmonic,73
432,289,stim_73_harmonic.wav,0,60,5,40,-20,harmonic,73
144,287,stim_66_harmonic.wav,0,20,-5,30,10,harmonic,66
144,397,stim_66_harmonic.wav,0,20,-175,50,30,harmonic,66
288,502,stim_66_harmonic.wav,0,40,-10,60,20,harmonic,66
432,469,stim_66_harmonic.wav,0,60,-175,60,0,harmonic,66
0,397,stim_66_harmonic.wav,0,0,-175,50,50,harmonic,66
0,46,stim_99_harmonic.wav,0,0,-130,0,0,harmonic,99
216,51,stim_99_harmonic.wav,0,30,-105,0,-30,harmonic,99
72,143,stim_61_harmonic.wav,0,10,-5,10,0,harmonic,61
0,360,stim_61_harmonic.wav,0,0,0,50,50,harmonic,61
144,414,stim_61_harmonic.wav,0,20,-90,50,30,harmonic,61
216,203,stim_61_harmonic.wav,0,30,-65,20,-10,harmonic,61
0,49,stim_104_harmonic.wav,0,0,-115,0,0,harmonic,104
0,484,stim_104_harmonic.wav,0,0,-100,60,60,harmonic,104
432,121,stim_104_harmonic.wav,0,60,-115,10,-50,harmonic,104
72,120,stim_104_harmonic.wav,0,10,-120,10,0,harmonic,104
216,49,stim_104_harmonic.wav,0,30,-115,0,-30,harmonic,104
288,479,stim_57_harmonic.wav,0,40,-125,60,20,harmonic,57
288,3,stim_57_harmonic.wav,0,40,15,0,-40,harmonic,57
0,397,stim_57_harmonic.wav,0,0,-175,50,50,harmonic,57
144,3,stim_57_harmonic.wav,0,20,15,0,-20,harmonic,57
216,397,stim_57_harmonic.wav,0,30,-175,50,20,harmonic,57
216,129,stim_103_harmonic.wav,0,30,-75,10,-20,harmonic,103
72,58,stim_103_harmonic.wav,0,10,-70,0,-10,harmonic,103
0,58,stim_103_harmonic.wav,0,0,-70,0,0,harmonic,103
144,179,stim_65_viola_complex.wav,0,20,175,20,0,v,65
0,285,stim_65_viola_complex.wav,0,0,-15,30,30,v,65
432,72,stim_65_viola_complex.wav,0,60,0,10,-50,v,65
360,289,stim_65_viola_complex.wav,0,50,5,40,-10,v,65
72,213,stim_65_viola_complex.wav,0,10,-15,20,10,v,65
360,397,stim_81_viola_complex.wav,0,50,-175,50,0,v,81
216,216,stim_81_viola_complex.wav,0,30,0,30,0,v,81
288,347,stim_81_viola_complex.wav,0,40,-65,40,0,v,81
0,120,stim_79_viola_complex.wav,0,0,-120,10,10,v,79
288,72,stim_79_viola_complex.wav,0,40,0,10,-30,v,79
216,268,stim_60_viola_complex.wav,0,30,-100,30,0,v,60
72,271,stim_60_viola_complex.wav,0,10,-85,30,20,v,60
360,253,stim_60_viola_complex.wav,0,50,-175,30,-20,v,60
432,38,stim_60_viola_complex.wav,0,60,-170,0,-60,v,60
360,46,stim_98_viola_complex.wav,0,50,-130,0,-50,v,98
288,265,stim_98_viola_complex.wav,0,40,-115,30,-10,v,98
288,121,stim_98_viola_complex.wav,0,40,-115,10,-30,v,98
432,51,stim_98_viola_complex.wav,0,60,-105,0,-60,v,98
144,435,stim_84_viola_complex.wav,0,20,15,60,40,v,84
144,501,stim_84_viola_complex.wav,0,20,-15,60,40,v,84
144,501,stim_84_viola_complex.wav,0,20,-15,60,40,v,84
288,129,stim_84_viola_complex.wav,0,40,-75,10,-30,v,84
432,324,stim_64_viola_complex.wav,0,60,-180,40,-20,v,64
72,40,stim_80_viola_complex.wav,0,10,-160,0,-10,v,80
216,123,stim_80_viola_complex.wav,0,30,-105,10,-20,v,80
288,70,stim_80_viola_complex.wav,0,40,-10,0,-40,v,80
144,115,stim_80_viola_complex.wav,0,20,-145,10,-10,v,80
0,502,stim_80_viola_complex.wav,0,0,-10,60,60,v,80
72,287,stim_78_viola_complex.wav,0,10,-5,30,20,v,78
0,216,stim_78_viola_complex.wav,0,0,0,30,30,v,78
360,72,stim_78_viola_complex.wav,0,50,0,10,-40,v,78
72,503,stim_78_viola_complex.wav,0,10,-5,60,50,v,78
432,284,stim_61_viola_complex.wav,0,60,-20,30,-30,v,61
360,51,stim_99_viola_complex.wav,0,50,-105,0,-50,v,99
360,51,stim_99_viola_complex.wav,0,50,-105,0,-50,v,99
144,51,stim_99_viola_complex.wav,0,20,-105,0,-20,v,99
432,268,stim_85_viola_complex.wav,0,60,-100,30,-30,v,85
216,268,stim_85_viola_complex.wav,0,30,-100,30,0,v,85
288,502,stim_85_viola_complex.wav,0,40,-10,60,20,v,85
432,432,stim_55_viola_complex.wav,0,60,0,60,0,v,55
0,217,stim_55_viola_complex.wav,0,0,5,30,30,v,55
0,72,stim_55_viola_complex.wav,0,0,0,10,10,v,55
72,67,stim_55_viola_complex.wav,0,10,-25,0,-10,v,55
216,0,stim_67_viola_complex.wav,0,30,0,0,-30,v,67
216,144,stim_67_viola_complex.wav,0,30,0,20,-10,v,67
288,0,stim_67_viola_complex.wav,0,40,0,0,-40,v,67
288,144,stim_67_viola_complex.wav,0,40,0,20,-20,v,67
432,144,stim_67_viola_complex.wav,0,60,0,20,-40,v,67
360,144,stim_67_viola_complex.wav,0,50,0,20,-30,v,67
360,72,stim_67_viola_complex.wav,0,50,0,10,-40,v,67
288,132,stim_83_viola_complex.wav,0,40,-60,10,-30,v,83
0,216,stim_83_viola_complex.wav,0,0,0,30,30,v,83
0,287,stim_83_viola_complex.wav,0,0,-5,30,30,v,83
72,284,stim_83_viola_complex.wav,0,10,-20,30,20,v,83
144,272,stim_62_viola_complex.wav,0,20,-80,30,10,v,62
432,272,stim_62_viola_complex.wav,0,60,-80,30,-30,v,62
216,201,stim_62_viola_complex.wav,0,30,-75,20,-10,v,62
432,59,stim_86_viola_complex.wav,0,60,-65,0,-60,v,86
288,216,stim_86_viola_complex.wav,0,40,0,30,-10,v,86
360,50,stim_86_viola_complex.wav,0,50,-110,0,-50,v,86
216,108,stim_86_viola_complex.wav,0,30,-180,10,-20,v,86
144,180,stim_56_viola_complex.wav,0,20,-180,20,0,v,56
0,324,stim_66_viola_complex.wav,0,0,-180,40,40,v,66
432,287,stim_82_viola_complex.wav,0,60,-5,30,-30,v,82
72,193,stim_82_viola_complex.wav,0,10,-115,20,10,v,82
144,120,stim_82_viola_complex.wav,0,20,-120,10,-10,v,82
72,114,stim_82_viola_complex.wav,0,10,-150,10,0,v,82
432,146,stim_82_viola_complex.wav,0,60,10,20,-40,v,82
360,73,stim_63_viola_complex.wav,0,50,5,10,-40,v,63
0,72,stim_63_viola_complex.wav,0,0,0,10,10,v,63
144,121,stim_108_viola_complex.wav,0,20,-115,10,-10,v,108
0,121,stim_108_viola_complex.wav,0,0,-115,10,10,v,108
72,121,stim_108_viola_complex.wav,0,10,-115,10,0,v,108
216,121,stim_108_viola_complex.wav,0,30,-115,10,-20,v,108
216,121,stim_108_viola_complex.wav,0,30,-115,10,-20,v,108
216,49,stim_87_viola_complex.wav,0,30,-115,0,-30,v,87
0,49,stim_87_viola_complex.wav,0,0,-115,0,0,v,87
360,193,stim_87_viola_complex.wav,0,50,-115,20,-30,v,87
288,123,stim_87_viola_complex.wav,0,40,-105,10,-30,v,87
0,287,stim_87_viola_complex.wav,0,0,-5,30,30,v,87
0,15,stim_57_viola_complex.wav,0,0,75,0,0,v,57
144,314,stim_57_viola_complex.wav,0,20,130,40,20,v,57
0,72,stim_57_viola_complex.wav,0,0,0,10,10,v,57
144,72,stim_57_viola_complex.wav,0,20,0,10,-10,v,57
144,51,stim_101_viola_complex.wav,0,20,-105,0,-20,v,101
216,121,stim_101_viola_complex.wav,0,30,-115,10,-20,v,101
360,120,stim_101_viola_complex.wav,0,50,-120,10,-40,v,101
0,121,stim_101_viola_complex.wav,0,0,-115,10,10,v,101
360,49,stim_92_viola_complex.wav,0,50,-115,0,-50,v,92
144,121,stim_92_viola_complex.wav,0,20,-115,10,-10,v,92
432,59,stim_92_viola_complex.wav,0,60,-65,0,-60,v,92
144,72,stim_76_viola_complex.wav,0,20,0,10,-10,v,76
72,216,stim_76_viola_complex.wav,0,10,0,30,20,v,76
144,253,stim_76_viola_complex.wav,0,20,-175,30,10,v,76
288,348,stim_76_viola_complex.wav,0,40,-60,40,0,v,76
0,143,stim_76_viola_complex.wav,0,0,-5,10,10,v,76
288,72,stim_76_viola_complex.wav,0,40,0,10,-30,v,76
0,216,stim_76_viola_complex.wav,0,0,0,30,30,v,76
144,270,stim_97_viola_complex.wav,0,20,-90,30,10,v,97
432,120,stim_104_viola_complex.wav,0,60,-120,10,-50,v,104
360,284,stim_104_viola_complex.wav,0,50,-20,30,-20,v,104
360,18,stim_100_viola_complex.wav,0,50,90,0,-50,v,100
432,18,stim_100_viola_complex.wav,0,60,90,0,-60,v,100
288,52,stim_100_viola_complex.wav,0,40,-100,0,-40,v,100
360,121,stim_100_viola_complex.wav,0,50,-115,10,-40,v,100
288,18,stim_100_viola_complex.wav,0,40,90,0,-40,v,100
72,53,stim_100_viola_complex.wav,0,10,-95,0,-10,v,100
432,51,stim_100_viola_complex.wav,0,60,-105,0,-60,v,100
0,72,stim_93_viola_complex.wav,0,0,0,10,10,v,93
144,60,stim_93_viola_complex.wav,0,20,-60,0,-20,v,93
360,122,stim_93_viola_complex.wav,0,50,-110,10,-40,v,93
432,180,stim_77_viola_complex.wav,0,60,-180,20,-40,v,77
432,468,stim_77_viola_complex.wav,0,60,-180,60,0,v,77
144,60,stim_96_viola_complex.wav,0,20,-60,0,-20,v,96
288,270,stim_96_viola_complex.wav,0,40,-90,30,-10,v,96
432,60,stim_96_viola_complex.wav,0,60,-60,0,-60,v,96
432,48,stim_105_viola_complex.wav,0,60,-120,0,-60,v,105
432,53,stim_72_viola_complex.wav,0,60,-95,0,-60,v,72
216,288,stim_72_viola_complex.wav,0,30,0,40,10,v,72
216,29,stim_72_viola_complex.wav,0,30,145,0,-30,v,72
216,216,stim_72_viola_complex.wav,0,30,0,30,0,v,72
432,33,stim_72_viola_complex.wav,0,60,165,0,-60,v,72
432,271,stim_103_viola_complex.wav,0,60,-85,30,-30,v,103
216,129,stim_103_viola_complex.wav,0,30,-75,10,-20,v,103
144,52,stim_90_viola_complex.wav,0,20,-100,0,-20,v,90
288,53,stim_90_viola_complex.wav,0,40,-95,0,-40,v,90
0,49,stim_90_viola_complex.wav,0,0,-115,0,0,v,90
0,72,stim_68_viola_complex.wav,0,0,0,10,10,v,68
216,72,stim_68_viola_complex.wav,0,30,0,10,-20,v,68
0,216,stim_74_viola_complex.wav,0,0,0,30,30,v,74
144,72,stim_74_viola_complex.wav,0,20,0,10,-10,v,74
432,49,stim_95_viola_complex.wav,0,60,-115,0,-60,v,95
360,49,stim_95_viola_complex.wav,0,50,-115,0,-50,v,95
360,120,stim_95_viola_complex.wav,0,50,-120,10,-40,v,95
432,132,stim_106_viola_complex.wav,0,60,-60,10,-50,v,106
72,132,stim_106_viola_complex.wav,0,10,-60,10,0,v,106
432,59,stim_106_viola_complex.wav,0,60,-65,0,-60,v,106
144,36,stim_106_viola_complex.wav,0,20,-180,0,-20,v,106
216,72,stim_71_viola_complex.wav,0,30,0,10,-20,v,71
288,216,stim_71_viola_complex.wav,0,40,0,30,-10,v,71
432,268,stim_71_viola_complex.wav,0,60,-100,30,-30,v,71
144,216,stim_71_viola_complex.wav,0,20,0,30,10,v,71
432,397,stim_71_viola_complex.wav,0,60,-175,50,-10,v,71
432,144,stim_71_viola_complex.wav,0,60,0,20,-40,v,71
216,1,stim_59_viola_complex.wav,0,30,5,0,-30,v,59
360,217,stim_59_viola_complex.wav,0,50,5,30,-20,v,59
432,217,stim_59_viola_complex.wav,0,60,5,30,-30,v,59
432,474,stim_59_viola_complex.wav,0,60,-150,60,0,v,59
360,483,stim_59_viola_complex.wav,0,50,-105,60,10,v,59
0,275,stim_59_viola_complex.wav,0,0,-65,30,30,v,59
360,43,stim_59_viola_complex.wav,0,50,-145,0,-50,v,59
0,479,stim_89_viola_complex.wav,0,0,-125,60,60,v,89
432,59,stim_89_viola_complex.wav,0,60,-65,0,-60,v,89
216,479,stim_89_viola_complex.wav,0,30,-125,60,30,v,89
216,285,stim_89_viola_complex.wav,0,30,-15,30,0,v,89
432,490,stim_102_viola_complex.wav,0,60,-70,60,0,v,102
288,51,stim_102_viola_complex.wav,0,40,-105,0,-40,v,102
144,121,stim_102_viola_complex.wav,0,20,-115,10,-10,v,102
288,59,stim_102_viola_complex.wav,0,40,-65,0,-40,v,102
360,59,stim_91_viola_complex.wav,0,50,-65,0,-50,v,91
216,72,stim_69_viola_complex.wav,0,30,0,10,-20,v,69
216,216,stim_75_viola_complex.wav,0,30,0,30,0,v,75
432,7,stim_75_viola_complex.wav,0,60,35,0,-60,v,75
0,72,stim_94_viola_complex.wav,0,0,0,10,10,v,94
360,216,stim_94_viola_complex.wav,0,50,0,30,-20,v,94
360,59,stim_94_viola_complex.wav,0,50,-65,0,-50,v,94
216,284,stim_94_viola_complex.wav,0,30,-20,30,0,v,94
288,284,stim_107_viola_complex.wav,0,40,-20,30,-10,v,107
432,59,stim_107_viola_complex.wav,0,60,-65,0,-60,v,107
288,49,stim_107_viola_complex.wav,0,40,-115,0,-40,v,107
216,287,stim_70_viola_complex.wav,0,30,-5,30,0,v,70
432,268,stim_58_viola_complex.wav,0,60,-100,30,-30,v,58
360,43,stim_58_viola_complex.wav,0,50,-145,0,-50,v,58
216,43,stim_58_viola_complex.wav,0,30,-145,0,-30,v,58
288,269,stim_58_viola_complex.wav,0,40,-95,30,-10,v,58
288,144,stim_88_viola_complex.wav,0,40,0,20,-20,v,88
360,49,stim_88_viola_complex.wav,0,50,-115,0,-50,v,88
432,185,stim_88_viola_complex.wav,0,60,-155,20,-40,v,88
72,171,stim_82_viola.wav,0,10,135,20,10,viola,82
432,169,stim_82_viola.wav,0,60,125,20,-40,viola,82
144,445,stim_82_viola.wav,0,20,65,60,40,viola,82
216,94,stim_82_viola.wav,0,30,110,10,-20,viola,82
0,441,stim_82_viola.wav,0,0,45,60,60,viola,82
72,376,stim_96_viola.wav,0,10,80,50,40,viola,96
432,302,stim_96_viola.wav,0,60,70,40,-20,viola,96
0,302,stim_106_viola.wav,0,0,70,40,40,viola,106
0,170,stim_106_viola.wav,0,0,130,20,20,viola,106
432,380,stim_106_viola.wav,0,60,100,50,-10,viola,106
432,251,stim_73_viola.wav,0,60,175,30,-30,viola,73
360,272,stim_73_viola.wav,0,50,-80,30,-20,viola,73
144,206,stim_73_viola.wav,0,20,-50,20,0,viola,73
288,402,stim_67_viola.wav,0,40,-150,50,10,viola,67
216,73,stim_67_viola.wav,0,30,5,10,-20,viola,67
288,211,stim_67_viola.wav,0,40,-25,20,-20,viola,67
144,210,stim_67_viola.wav,0,20,-30,20,0,viola,67
216,168,stim_78_viola.wav,0,30,120,20,-10,viola,78
432,245,stim_78_viola.wav,0,60,145,30,-30,viola,78
360,376,stim_100_viola.wav,0,50,80,50,0,viola,100
432,96,stim_100_viola.wav,0,60,120,10,-50,viola,100
72,168,stim_100_viola.wav,0,10,120,20,10,viola,100
72,170,stim_84_viola.wav,0,10,130,20,10,viola,84
144,376,stim_84_viola.wav,0,20,80,50,30,viola,84
144,376,stim_84_viola.wav,0,20,80,50,30,viola,84
288,376,stim_84_viola.wav,0,40,80,50,10,viola,84
360,376,stim_84_viola.wav,0,50,80,50,0,viola,84
144,96,stim_84_viola.wav,0,20,120,10,-10,viola,84
0,371,stim_90_viola.wav,0,0,55,50,50,viola,90
360,376,stim_90_viola.wav,0,50,80,50,0,viola,90
216,99,stim_90_viola.wav,0,30,135,10,-20,viola,90
72,376,stim_90_viola.wav,0,10,80,50,40,viola,90
360,48,stim_59_viola.wav,0,50,-120,0,-50,viola,59
288,60,stim_59_viola.wav,0,40,-60,0,-40,viola,59
216,366,stim_75_viola.wav,0,30,30,50,20,viola,75
288,450,stim_75_viola.wav,0,40,90,60,20,viola,75
72,483,stim_61_viola.wav,0,10,-105,60,50,viola,61
72,418,stim_61_viola.wav,0,10,-70,50,40,viola,61
72,139,stim_61_viola.wav,0,10,-25,10,0,viola,61
144,268,stim_61_viola.wav,0,20,-100,30,10,viola,61
144,376,stim_89_viola.wav,0,20,80,50,30,viola,89
72,376,stim_97_viola.wav,0,10,80,50,40,viola,97
432,376,stim_97_viola.wav,0,60,80,50,-10,viola,97
432,376,stim_97_viola.wav,0,60,80,50,-10,viola,97
0,81,stim_83_viola.wav,0,0,45,10,10,viola,83
72,170,stim_83_viola.wav,0,10,130,20,10,viola,83
0,376,stim_107_viola.wav,0,0,80,50,50,viola,107
432,376,stim_107_viola.wav,0,60,80,50,-10,viola,107
72,380,stim_107_viola.wav,0,10,100,50,40,viola,107
0,211,stim_66_viola.wav,0,0,-25,20,20,viola,66
432,483,stim_66_viola.wav,0,60,-105,60,0,viola,66
144,170,stim_72_viola.wav,0,20,130,20,0,viola,72
288,98,stim_72_viola.wav,0,40,130,10,-30,viola,72
432,479,stim_72_viola.wav,0,60,-125,60,0,viola,72
0,257,stim_79_viola.wav,0,0,-155,30,30,viola,79
432,184,stim_79_viola.wav,0,60,-160,20,-40,viola,79
432,184,stim_79_viola.wav,0,60,-160,20,-40,viola,79
144,185,stim_79_viola.wav,0,20,-155,20,0,viola,79
288,96,stim_101_viola.wav,0,40,120,10,-30,viola,101
360,97,stim_101_viola.wav,0,50,125,10,-40,viola,101
144,82,stim_101_viola.wav,0,20,50,10,-10,viola,101
72,27,stim_91_viola.wav,0,10,135,0,-10,viola,91
360,99,stim_91_viola.wav,0,50,135,10,-40,viola,91
144,7,stim_91_viola.wav,0,20,35,0,-20,viola,91
360,9,stim_91_viola.wav,0,50,45,0,-50,viola,91
288,170,stim_91_viola.wav,0,40,130,20,-20,viola,91
72,492,stim_58_viola.wav,0,10,-60,60,50,viola,58
216,492,stim_58_viola.wav,0,30,-60,60,30,viola,58
0,492,stim_58_viola.wav,0,0,-60,60,60,viola,58
144,492,stim_58_viola.wav,0,20,-60,60,40,viola,58
216,492,stim_58_viola.wav,0,30,-60,60,30,viola,58
144,97,stim_85_viola.wav,0,20,125,10,-10,viola,85
288,169,stim_85_viola.wav,0,40,125,20,-20,viola,85
360,97,stim_85_viola.wav,0,50,125,10,-40,viola,85
432,481,stim_60_viola.wav,0,60,-115,60,0,viola,60
144,211,stim_60_viola.wav,0,20,-25,20,0,viola,60
288,341,stim_74_viola.wav,0,40,-95,40,0,viola,74
288,341,stim_74_viola.wav,0,40,-95,40,0,viola,74
360,376,stim_74_viola.wav,0,50,80,50,0,viola,74
288,483,stim_74_viola.wav,0,40,-105,60,20,viola,74
288,494,stim_55_viola.wav,0,40,-50,60,20,viola,55
432,132,stim_55_viola.wav,0,60,-60,10,-50,viola,55
144,494,stim_55_viola.wav,0,20,-50,60,40,viola,55
432,204,stim_55_viola.wav,0,60,-60,20,-40,viola,55
0,193,stim_55_viola.wav,0,0,-115,20,20,viola,55
288,300,stim_88_viola.wav,0,40,60,40,0,viola,88
360,376,stim_88_viola.wav,0,50,80,50,0,viola,88
288,376,stim_88_viola.wav,0,40,80,50,10,viola,88
360,169,stim_104_viola.wav,0,50,125,20,-30,viola,104
144,170,stim_104_viola.wav,0,20,130,20,0,viola,104
0,170,stim_104_viola.wav,0,0,130,20,20,viola,104
288,170,stim_104_viola.wav,0,40,130,20,-20,viola,104
216,170,stim_104_viola.wav,0,30,130,20,-10,viola,104
72,113,stim_68_viola.wav,0,10,-155,10,0,viola,68
288,186,stim_68_viola.wav,0,40,-150,20,-20,viola,68
0,114,stim_68_viola.wav,0,0,-150,10,10,viola,68
72,247,stim_68_viola.wav,0,10,155,30,20,viola,68
0,247,stim_68_viola.wav,0,0,155,30,30,viola,68
216,186,stim_68_viola.wav,0,30,-150,20,-10,viola,68
360,98,stim_80_viola.wav,0,50,130,10,-40,viola,80
288,112,stim_80_viola.wav,0,40,-160,10,-30,viola,80
0,97,stim_80_viola.wav,0,0,125,10,10,viola,80
72,302,stim_80_viola.wav,0,10,70,40,30,viola,80
360,22,stim_94_viola.wav,0,50,110,0,-50,viola,94
144,374,stim_94_viola.wav,0,20,70,50,30,viola,94
216,302,stim_94_viola.wav,0,30,70,40,10,viola,94
360,302,stim_94_viola.wav,0,50,70,40,-10,viola,94
432,96,stim_94_viola.wav,0,60,120,10,-50,viola,94
432,302,stim_94_viola.wav,0,60,70,40,-20,viola,94
0,94,stim_94_viola.wav,0,0,110,10,10,viola,94
144,284,stim_71_viola.wav,0,20,-20,30,10,viola,71
288,284,stim_71_viola.wav,0,40,-20,30,-10,viola,71
72,212,stim_71_viola.wav,0,10,-20,20,10,viola,71
216,284,stim_71_viola.wav,0,30,-20,30,0,viola,71
216,284,stim_71_viola.wav,0,30,-20,30,0,viola,71
0,492,stim_65_viola.wav,0,0,-60,60,60,viola,65
0,300,stim_99_viola.wav,0,0,60,40,40,viola,99
360,377,stim_99_viola.wav,0,50,85,50,0,viola,99
72,94,stim_86_viola.wav,0,10,110,10,0,viola,86
288,171,stim_86_viola.wav,0,40,135,20,-20,viola,86
288,98,stim_92_viola.wav,0,40,130,10,-30,viola,92
0,29,stim_92_viola.wav,0,0,145,0,0,viola,92
72,170,stim_92_viola.wav,0,10,130,20,10,viola,92
288,167,stim_102_viola.wav,0,40,115,20,-20,viola,102
0,157,stim_102_viola.wav,0,0,65,20,20,viola,102
288,422,stim_56_viola.wav,0,40,-50,50,10,viola,56
144,490,stim_56_viola.wav,0,20,-70,60,40,viola,56
360,283,stim_56_viola.wav,0,50,-25,30,-20,viola,56
0,275,stim_56_viola.wav,0,0,-65,30,30,viola,56
216,283,stim_56_viola.wav,0,30,-25,30,0,viola,56
216,364,stim_77_viola.wav,0,30,20,50,20,viola,77
72,186,stim_77_viola.wav,0,10,-150,20,10,viola,77
72,50,stim_77_viola.wav,0,10,-110,0,-10,viola,77
72,258,stim_77_viola.wav,0,10,-150,30,20,viola,77
216,96,stim_77_viola.wav,0,30,120,10,-20,viola,77
288,458,stim_63_viola.wav,0,40,130,60,20,viola,63
216,178,stim_63_viola.wav,0,30,170,20,-10,viola,63
216,436,stim_63_viola.wav,0,30,20,60,30,viola,63
432,420,stim_63_viola.wav,0,60,-60,50,-10,viola,63
360,463,stim_63_viola.wav,0,50,155,60,10,viola,63
72,440,stim_63_viola.wav,0,10,40,60,50,viola,63
72,401,stim_69_viola.wav,0,10,-155,50,40,viola,69
288,172,stim_69_viola.wav,0,40,140,20,-20,viola,69
72,487,stim_69_viola.wav,0,10,-85,60,50,viola,69
0,436,stim_69_viola.wav,0,0,20,60,60,viola,69
216,436,stim_69_viola.wav,0,30,20,60,30,viola,69
144,171,stim_69_viola.wav,0,20,135,20,0,viola,69
72,483,stim_69_viola.wav,0,10,-105,60,50,viola,69
216,272,stim_69_viola.wav,0,30,-80,30,0,viola,69
216,170,stim_105_viola.wav,0,30,130,20,-10,viola,105
144,99,stim_105_viola.wav,0,20,135,10,-10,viola,105
216,374,stim_105_viola.wav,0,30,70,50,20,viola,105
72,170,stim_105_viola.wav,0,10,130,20,10,viola,105
432,371,stim_95_viola.wav,0,60,55,50,-10,viola,95
288,371,stim_95_viola.wav,0,40,55,50,10,viola,95
432,98,stim_95_viola.wav,0,60,130,10,-50,viola,95
288,375,stim_81_viola.wav,0,40,75,50,10,viola,81
432,374,stim_81_viola.wav,0,60,70,50,-10,viola,81
72,374,stim_81_viola.wav,0,10,70,50,40,viola,81
72,375,stim_81_viola.wav,0,10,75,50,40,viola,81
432,376,stim_81_viola.wav,0,60,80,50,-10,viola,81
360,94,stim_81_viola.wav,0,50,110,10,-40,viola,81
360,376,stim_81_viola.wav,0,50,80,50,0,viola,81
72,94,stim_81_viola.wav,0,10,110,10,0,viola,81
72,284,stim_64_viola.wav,0,10,-20,30,20,viola,64
360,283,stim_64_viola.wav,0,50,-25,30,-20,viola,64
216,283,stim_64_viola.wav,0,30,-25,30,0,viola,64
144,249,stim_64_viola.wav,0,20,165,30,10,viola,64
216,284,stim_64_viola.wav,0,30,-20,30,0,viola,64
72,284,stim_64_viola.wav,0,10,-20,30,20,viola,64
288,371,stim_108_viola.wav,0,40,55,50,10,viola,108
288,370,stim_108_viola.wav,0,40,50,50,10,viola,108
0,94,stim_108_viola.wav,0,0,110,10,10,viola,108
72,481,stim_70_viola.wav,0,10,-115,60,50,viola,70
72,183,stim_70_viola.wav,0,10,-165,20,10,viola,70
432,228,stim_70_viola.wav,0,60,60,30,-30,viola,70
288,169,stim_70_viola.wav,0,40,125,20,-20,viola,70
72,376,stim_98_viola.wav,0,10,80,50,40,viola,98
432,376,stim_98_viola.wav,0,60,80,50,-10,viola,98
216,376,stim_98_viola.wav,0,30,80,50,20,viola,98
0,376,stim_98_viola.wav,0,0,80,50,50,viola,98
144,170,stim_93_viola.wav,0,20,130,20,0,viola,93
216,170,stim_93_viola.wav,0,30,130,20,-10,viola,93
0,170,stim_93_viola.wav,0,0,130,20,20,viola,93
288,170,stim_93_viola.wav,0,40,130,20,-20,viola,93
216,170,stim_93_viola.wav,0,30,130,20,-10,viola,93
72,376,stim_87_viola.wav,0,10,80,50,40,viola,87
432,376,stim_87_viola.wav,0,60,80,50,-10,viola,87
360,302,stim_87_viola.wav,0,50,70,40,-10,viola,87
432,170,stim_87_viola.wav,0,60,130,20,-40,viola,87
432,169,stim_87_viola.wav,0,60,125,20,-40,viola,87
0,170,stim_103_viola.wav,0,0,130,20,20,viola,103
288,168,stim_103_viola.wav,0,40,120,20,-20,viola,103
144,168,stim_103_viola.wav,0,20,120,20,0,viola,103
360,170,stim_103_viola.wav,0,50,130,20,-30,viola,103
144,41,stim_57_viola.wav,0,20,-155,0,-20,viola,57
0,210,stim_57_viola.wav,0,0,-30,20,20,viola,57
216,490,stim_57_viola.wav,0,30,-70,60,30,viola,57
144,42,stim_57_viola.wav,0,20,-150,0,-20,viola,57
144,481,stim_62_viola.wav,0,20,-115,60,40,viola,62
216,213,stim_62_viola.wav,0,30,-15,20,-10,viola,62
144,50,stim_62_viola.wav,0,20,-110,0,-20,viola,62
432,29,stim_76_viola.wav,0,60,145,0,-60,viola,76
216,370,stim_76_viola.wav,0,30,50,50,20,viola,76
